target,repetition,search_budget_seconds,stdout_search_seconds,measured_search_seconds,search_meta_timestamp_utc,csv_whole_run_seconds,terminal_whole_run_seconds,terminal_timestamp,terminal_start_minus_first_stage_start_seconds,terminal_end_minus_last_stage_end_seconds,issues
PT-O-001,42,420,421,422.3130258,2026-09-25T05:19:22.3687615+00:00,463.56,463.562425,2026-09-25T05:20:02.3167810Z,-0.029057025909423828,32.156347036361694,
PT-O-001,43,420,421,422.8251758,2026-09-25T05:27:06.3911649+00:00,457.73,457.732186,2026-09-25T05:27:40.2366349Z,-0.03332972526550293,26.793155908584595,
PT-O-001,44,420,421,422.4742456,2026-09-25T05:34:44.2819470+00:00,510.26,510.259662,2026-09-25T05:36:10.6190219Z,-0.036641836166381836,78.78397989273071,
PT-O-002,42,420,421,422.9766924,2026-09-25T05:43:14.8698991+00:00,463.57,463.573911,2026-09-25T05:43:54.3265157Z,-0.02066493034362793,26.782532930374146,
PT-O-002,43,420,422,422.46405209999995,2026-09-25T05:50:58.1943401+00:00,479.12,479.124951,2026-09-25T05:51:53.6779734Z,-0.028754234313964844,42.709957122802734,
PT-O-002,44,420,421,422.0155291,2026-09-25T05:58:56.9841718+00:00,456.21,456.21447,2026-09-25T05:59:30.0360782Z,-0.031569480895996094,20.702513933181763,
PT-O-003,42,420,421,423.4124482,2026-09-25T06:06:34.7282820+00:00,564.0,563.998449,2026-09-25T06:08:54.1925575Z,-0.023865938186645508,124.17138409614563,
PT-O-003,43,420,421,423.1787812,2026-09-25T06:15:58.6337693+00:00,502.01,502.007436,2026-09-25T06:17:16.3321298Z,-0.02251124382019043,62.355489015579224,
PT-O-003,44,420,421,422.56228009999995,2026-09-25T06:24:20.2289025+00:00,496.49,496.490739,2026-09-25T06:25:33.0644223Z,-0.028900623321533203,57.71860194206238,
PT-O-004,42,420,421,425.9396017,2026-09-25T06:32:41.4241105+00:00,428.1,428.096049,2026-09-25T06:32:41.4294013Z,-0.06467390060424805,0.005290985107421875,
PT-O-004,43,420,421,425.6748232,2026-09-25T06:39:49.2332342+00:00,427.7,427.704378,2026-09-25T06:39:49.2380102Z,-0.07539701461791992,0.0047760009765625,
PT-O-004,44,420,422,425.0420322,2026-09-25T06:46:56.4126929+00:00,427.04,427.039913,2026-09-25T06:46:56.4194033Z,-0.06998157501220703,0.006711006164550781,
PT-O-005,42,420,421,424.94989419999996,2026-09-25T06:54:03.5249845+00:00,427.01,427.005023,2026-09-25T06:54:03.5333688Z,-0.06687784194946289,0.008384227752685547,
PT-O-005,43,420,421,423.9303149,2026-09-25T07:01:09.6255395+00:00,425.99,425.986426,2026-09-25T07:01:09.6330895Z,-0.06769227981567383,0.00755000114440918,
PT-O-005,44,420,421,424.7455084,2026-09-25T07:08:16.7319020+00:00,426.89,426.891695,2026-09-25T07:08:16.7350668Z,-0.07562470436096191,0.003164052963256836,
PT-O-006,42,420,421,423.53130209999995,2026-09-25T07:15:22.5373181+00:00,464.39,464.389725,2026-09-25T07:16:01.2459517Z,-0.06245136260986328,33.09797286987305,
PT-O-006,43,420,421,423.2929712,2026-09-25T07:23:06.8502290+00:00,454.7,454.703009,2026-09-25T07:23:36.1581324Z,-0.06571793556213379,23.58869504928589,
PT-O-006,44,420,421,423.59067170000003,2026-09-25T07:30:42.3458928+00:00,482.09,482.093922,2026-09-25T07:31:38.5136625Z,-0.0792243480682373,50.30129098892212,
PT-O-007,42,420,421,423.8541187,2026-09-25T07:38:47.9461244+00:00,496.88,496.876917,2026-09-25T07:39:55.6469350Z,-0.2469472885131836,23.720211029052734,
PT-O-007,43,420,421,423.5528738,2026-09-25T07:47:03.6973420+00:00,489.94,489.941013,2026-09-25T07:48:05.7638959Z,-0.22345852851867676,26.311070919036865,
PT-O-007,44,420,421,422.516303,2026-09-25T07:55:12.7928248+00:00,506.84,506.842705,2026-09-25T07:56:32.7038276Z,-0.18008637428283691,42.62955093383789,
PT-O-008,42,420,421,423.6359329,2026-09-25T08:03:40.7447744+00:00,465.95,465.952473,2026-09-25T08:04:18.7967353Z,-0.1985762119293213,20.03989815711975,
PT-O-008,43,420,421,422.9900124,2026-09-25T08:11:26.3482352+00:00,460.33,460.328566,2026-09-25T08:11:59.3818034Z,-0.19164824485778809,15.218946933746338,
PT-O-008,44,420,421,423.4103358,2026-09-25T08:19:07.1039210+00:00,473.64,473.636342,2026-09-25T08:19:53.1081983Z,-0.20511722564697266,29.203702926635742,
PT-O-009,42,420,421,422.5536496,2026-09-25T08:26:59.9200203+00:00,522.76,522.756363,2026-09-25T08:28:35.9456665Z,-0.19550466537475586,72.08164501190186,
PT-O-009,43,420,421,423.6419173,2026-09-25T08:35:43.9649164+00:00,499.62,499.618105,2026-09-25T08:36:55.6805481Z,-0.18145108222961426,47.80875587463379,
PT-O-009,44,420,421,423.71486580000004,2026-09-25T08:44:03.7027781+00:00,552.05,552.054022,2026-09-25T08:46:07.9035437Z,-0.23492932319641113,101.0338830947876,
PT-O-010,42,420,,1.7209975,2026-09-25T08:46:13.7702283+00:00,25.62,25.623021,2026-09-25T08:46:33.6777642Z,-0.16754555702209473,12.43462586402893,
PT-O-010,43,420,,1.6632823,2026-09-25T08:46:39.2050105+00:00,28.16,28.164777,2026-09-25T08:47:01.9928272Z,-0.14531397819519043,14.782667875289917,
PT-O-010,44,420,,1.6285145,2026-09-25T08:47:08.7282788+00:00,28.19,28.189329,2026-09-25T08:47:30.3876239Z,-0.20152664184570312,12.385446071624756,
PT-O-011,42,420,421,424.4560697,2026-09-25T08:54:39.2030936+00:00,428.48,428.479866,2026-09-25T08:54:39.2068795Z,-0.17304039001464844,0.003785848617553711,
PT-O-011,43,420,421,423.4784035,2026-09-25T09:01:46.0765938+00:00,496.81,496.81466,2026-09-25T09:02:56.1715425Z,-0.13208556175231934,23.844910860061646,
PT-O-011,44,420,421,423.5312417,2026-09-25T09:10:03.2387844+00:00,426.78,426.782712,2026-09-25T09:10:03.2426796Z,-0.15825271606445312,0.0038950443267822266,
PT-O-012,42,420,421,422.2310896,2026-09-25T09:17:09.3512199+00:00,539.63,539.63435,2026-09-25T09:19:03.0595908Z,-0.16850018501281738,103.98741221427917,
PT-O-012,43,420,421,423.6555646,2026-09-25T09:26:10.8962184+00:00,489.94,489.93854,2026-09-25T09:27:13.2779604Z,-0.15169477462768555,52.28936314582825,
PT-O-012,44,420,421,422.4923745,2026-09-25T09:34:19.6872874+00:00,569.77,569.768642,2026-09-25T09:36:43.2705628Z,-0.1466052532196045,133.2913749217987,
PT-O-013,42,420,423,427.55449070000003,2026-09-25T09:43:54.2286368+00:00,430.74,430.743138,2026-09-25T09:43:54.2360320Z,-0.09581637382507324,0.00739598274230957,
PT-O-013,43,420,423,429.0896906,2026-09-25T09:51:06.5446795+00:00,432.04,432.044952,2026-09-25T09:51:06.5529435Z,-0.11385893821716309,0.00826406478881836,
PT-O-013,44,420,421,425.9457164,2026-09-25T09:58:15.5927942+00:00,428.85,428.845998,2026-09-25T09:58:15.5993178Z,-0.09644293785095215,0.00652313232421875,
PT-O-014,42,420,421,425.5495495,2026-09-25T10:05:24.3102771+00:00,428.62,428.624576,2026-09-25T10:05:24.3151928Z,-0.09975385665893555,0.004914999008178711,
PT-O-014,43,420,421,426.34410230000003,2026-09-25T10:12:34.1107141+00:00,429.63,429.633705,2026-09-25T10:12:34.1153852Z,-0.09462738037109375,0.0046710968017578125,
PT-O-014,44,420,421,426.17956189999995,2026-09-25T10:19:43.4582841+00:00,429.09,429.09383,2026-09-25T10:19:43.4636248Z,-0.11243462562561035,0.005340099334716797,
PT-O-015,42,420,421,426.1803066,2026-09-25T10:26:52.8499935+00:00,429.1,429.104421,2026-09-25T10:26:52.8583312Z,-0.1130821704864502,0.008337974548339844,
PT-O-015,43,420,421,425.4774412,2026-09-25T10:34:01.5743680+00:00,428.43,428.42894,2026-09-25T10:34:01.5792277Z,-0.11529135704040527,0.004858970642089844,
PT-O-015,44,420,421,425.8349951,2026-09-25T10:41:10.4885010+00:00,428.69,428.69131,2026-09-25T10:41:10.4958846Z,-0.11442732810974121,0.007382869720458984,
PT-O-016,42,420,,10.223863600000001,2026-09-25T10:41:22.9547306+00:00,12.17,12.167916,2026-09-25T10:41:22.9611298Z,-0.044600486755371094,0.006398916244506836,
PT-O-016,43,420,421,423.6127163,2026-09-25T10:48:28.6450191+00:00,425.48,425.477379,2026-09-25T10:48:28.6508127Z,-0.04718589782714844,0.005792856216430664,
PT-O-016,44,420,421,422.4966392,2026-09-25T10:55:33.3585428+00:00,424.38,424.384572,2026-09-25T10:55:33.3616121Z,-0.047382354736328125,0.0030701160430908203,
PT-O-017,42,420,,28.855720700000003,2026-09-25T10:56:04.3310233+00:00,30.77,30.76897,2026-09-25T10:56:04.3358007Z,-0.02871417999267578,0.004776954650878906,
PT-O-017,43,420,421,422.78089880000005,2026-09-25T11:03:09.3191575+00:00,424.68,424.676707,2026-09-25T11:03:09.3263460Z,-0.04158139228820801,0.007189035415649414,
PT-O-017,44,420,421,423.28129379999996,2026-09-25T11:10:14.7766192+00:00,425.16,425.157954,2026-09-25T11:10:14.7848728Z,-0.04061269760131836,0.008253097534179688,
PT-O-018,42,420,421,423.53252960000003,2026-09-25T11:17:20.4073763+00:00,459.5,459.500399,2026-09-25T11:17:54.4397287Z,-0.05466651916503906,18.436981916427612,
PT-O-018,43,420,421,422.3803066,2026-09-25T11:24:58.9962067+00:00,454.07,454.074246,2026-09-25T11:25:28.8174937Z,-0.0445404052734375,13.273093938827515,
PT-O-018,44,420,421,423.4324743,2026-09-25T11:32:34.4343332+00:00,459.34,459.342511,2026-09-25T11:33:08.3939235Z,-0.03900861740112305,18.413249969482422,
PT-O-019,42,420,421,422.5715867,2026-09-25T11:40:16.5692676+00:00,427.91,427.905308,2026-09-25T11:40:16.5781107Z,-0.24182724952697754,0.008842945098876953,
PT-O-019,43,420,421,423.2508419,2026-09-25T11:47:25.2540371+00:00,428.43,428.428671,2026-09-25T11:47:25.2609837Z,-0.21229290962219238,0.006946086883544922,
PT-O-019,44,420,421,423.0317782,2026-09-25T11:54:33.7662346+00:00,428.2,428.201431,2026-09-25T11:54:33.7749763Z,-0.21132779121398926,0.008742094039916992,
PT-O-020,42,420,422,424.2222024,2026-09-25T12:01:43.6594771+00:00,429.59,429.589543,2026-09-25T12:01:43.6653178Z,-0.20249319076538086,0.0058400630950927734,
PT-O-020,43,420,421,423.76330959999996,2026-09-25T12:08:52.9096733+00:00,429.0,428.998301,2026-09-25T12:08:52.9181059Z,-0.21786236763000488,0.00843191146850586,
PT-O-020,44,420,421,423.3725647,2026-09-25T12:16:01.7197616+00:00,428.71,428.705727,2026-09-25T12:16:01.7241587Z,-0.21750688552856445,0.004397153854370117,
PT-O-021,42,420,421,480.07227470000004,2026-09-25T12:24:07.3417728+00:00,485.3,485.296781,2026-09-25T12:24:07.3487871Z,-0.23392581939697266,0.0070149898529052734,
PT-O-021,43,420,421,480.1677661,2026-09-25T12:32:13.0365493+00:00,485.42,485.417901,2026-09-25T12:32:13.0411128Z,-0.2254621982574463,0.004562854766845703,
PT-O-021,44,420,421,480.0824399,2026-09-25T12:40:18.5310809+00:00,485.3,485.298892,2026-09-25T12:40:18.5356402Z,-0.2098100185394287,0.004559993743896484,
PT-O-022,42,420,421,422.97795520000005,2026-09-25T12:47:24.2488473+00:00,486.27,486.273185,2026-09-25T12:48:25.1384143Z,-0.06560993194580078,45.65846300125122,
PT-O-022,43,420,421,423.14651069999996,2026-09-25T12:55:30.9761051+00:00,461.91,461.912263,2026-09-25T12:56:07.2911250Z,-0.08498287200927734,21.153800010681152,
PT-O-022,44,420,421,422.3252644,2026-09-25T13:03:12.1835636+00:00,460.55,460.545854,2026-09-25T13:03:47.9842351Z,-0.07606220245361328,20.528610944747925,
PT-O-023,42,420,421,423.51568180000004,2026-09-25T13:10:54.1840832+00:00,485.22,485.224542,2026-09-25T13:11:53.4282777Z,-0.07235288619995117,24.260705947875977,
PT-O-023,43,420,421,423.2355083,2026-09-25T13:18:59.3456827+00:00,699.91,699.913835,2026-09-25T13:23:33.5933297Z,-0.06644964218139648,271.5122928619385,
PT-O-023,44,420,421,424.2739354,2026-09-25T13:30:40.4601028+00:00,493.9,493.903667,2026-09-25T13:31:47.5992205Z,-0.07097911834716797,32.43502402305603,
PT-O-024,42,420,421,422.604175,2026-09-25T13:38:52.9489313+00:00,425.05,425.047602,2026-09-25T13:38:52.9548618Z,-0.0720667839050293,0.0059299468994140625,
PT-O-024,43,420,421,423.6293582,2026-09-25T13:45:59.6450134+00:00,426.5,426.496028,2026-09-25T13:45:59.6540072Z,-0.0805199146270752,0.008993864059448242,
PT-O-024,44,420,421,423.0136139,2026-09-25T13:53:05.9206500+00:00,425.93,425.933979,2026-09-25T13:53:05.9240373Z,-0.09240984916687012,0.003386974334716797,
PT-O-025,42,420,,3.8338179,2026-09-25T13:53:11.9451963+00:00,5.69,5.692691,2026-09-25T13:53:11.9502350Z,-0.03175473213195801,0.0050389766693115234,
PT-O-025,43,420,,3.7077717,2026-09-25T13:53:17.5788754+00:00,5.51,5.512542,2026-09-25T13:53:17.5868558Z,-0.04745030403137207,0.007979869842529297,
PT-O-025,44,420,,3.435759,2026-09-25T13:53:23.1922145+00:00,5.28,5.278116,2026-09-25T13:53:23.1984824Z,-0.03679656982421875,0.006268024444580078,
PT-O-026,42,420,,3.8919103,2026-09-25T13:53:29.2001479+00:00,5.77,5.774407,2026-09-25T13:53:29.2051261Z,-0.019500255584716797,0.004979133605957031,
PT-O-026,43,420,,3.9422121999999997,2026-09-25T13:53:35.1825332+00:00,5.77,5.772372,2026-09-25T13:53:35.1910333Z,-0.018558979034423828,0.008499860763549805,
PT-O-026,44,420,,3.7517471999999996,2026-09-25T13:53:40.9142833+00:00,5.59,5.59316,2026-09-25T13:53:40.9201172Z,-0.020742177963256836,0.005833864212036133,
PT-O-027,42,420,,3.8185862999999998,2026-09-25T13:53:46.8366914+00:00,5.91,5.914701,2026-09-25T13:53:46.9827644Z,-0.049515485763549805,0.1460731029510498,
PT-O-027,43,420,,3.6836313,2026-09-25T13:53:52.8021510+00:00,5.6,5.596029,2026-09-25T13:53:52.8093745Z,-0.04540419578552246,0.0072231292724609375,
PT-O-027,44,420,,4.0330438,2026-09-25T13:53:59.3792151+00:00,6.39,6.390431,2026-09-25T13:53:59.3843009Z,-0.03202414512634277,0.005084991455078125,
PT-O-028,42,420,421,423.2343671,2026-09-25T14:01:03.9681055+00:00,452.37,452.365249,2026-09-25T14:01:31.9736403Z,-0.01917409896850586,20.05268096923828,
PT-O-028,43,420,421,422.0529502,2026-09-25T14:08:35.3055003+00:00,443.22,443.220145,2026-09-25T14:08:55.2860047Z,-0.014999628067016602,13.184332132339478,
PT-O-028,44,420,421,423.12135639999997,2026-09-25T14:15:59.8722895+00:00,445.47,445.467133,2026-09-25T14:16:21.0698466Z,-0.02069997787475586,14.386560916900635,
PT-O-029,42,420,421,422.4655875,2026-09-25T14:23:25.1651128+00:00,454.14,454.14255,2026-09-25T14:23:55.3878576Z,-0.0200042724609375,21.300925970077515,
PT-O-029,43,420,421,421.9910589,2026-09-25T14:30:59.1422931+00:00,444.76,444.762453,2026-09-25T14:31:20.4536871Z,-0.02841329574584961,12.404620885848999,
PT-O-029,44,420,421,421.9128425,2026-09-25T14:38:24.1338792+00:00,444.42,444.420897,2026-09-25T14:38:45.1547262Z,-0.020924091339111328,12.091541051864624,
PT-O-030,42,420,421,422.2753672,2026-09-25T14:45:49.0478233+00:00,461.48,461.477617,2026-09-25T14:46:26.7966580Z,-0.030750036239624023,23.41543412208557,
PT-O-030,43,420,421,422.9280299,2026-09-25T14:53:31.3741712+00:00,466.63,466.631335,2026-09-25T14:54:13.6458647Z,-0.02646470069885254,27.882776975631714,
PT-O-030,44,420,421,423.0214697,2026-09-25T15:01:18.3168811+00:00,470.02,470.016288,2026-09-25T15:02:03.8918347Z,-0.03326821327209473,31.17561411857605,
PT-O-031,42,420,422,459.6055168,2026-09-25T15:09:45.0674761+00:00,623.3,623.29545,2026-09-25T15:12:27.3229740Z,-0.02706003189086914,160.66709685325623,
PT-O-031,43,420,424,437.0625347,2026-09-25T15:19:46.0498639+00:00,579.98,579.977465,2026-09-25T15:22:07.5304173Z,-0.02771139144897461,139.87345504760742,
PT-O-031,44,420,423,438.4360128,2026-09-25T15:29:27.6865483+00:00,614.42,614.416025,2026-09-25T15:32:22.2480869Z,-0.029993295669555664,172.8922209739685,
PT-O-032,42,420,421,423.43100599999997,2026-09-25T15:39:27.7786745+00:00,425.28,425.283953,2026-09-25T15:39:27.7872169Z,-0.07639455795288086,0.008542060852050781,
PT-O-032,43,420,421,424.0461613,2026-09-25T15:46:33.9155605+00:00,425.98,425.982793,2026-09-25T15:46:33.9216243Z,-0.0702371597290039,0.006063938140869141,
PT-O-032,44,420,421,422.7703827,2026-09-25T15:53:38.8547703+00:00,424.63,424.628747,2026-09-25T15:53:38.8594714Z,-0.08149409294128418,0.004701137542724609,
PT-O-033,42,420,422,424.56309250000004,2026-09-25T16:00:45.5784029+00:00,426.4,426.400748,2026-09-25T16:00:45.5844625Z,-0.07596778869628906,0.006059885025024414,
PT-O-033,43,420,422,424.2090197,2026-09-25T16:07:51.9580761+00:00,426.06,426.06364,2026-09-25T16:07:51.9656705Z,-0.07894682884216309,0.007594108581542969,
PT-O-033,44,420,423,424.0064133,2026-09-25T16:14:57.9457812+00:00,425.88,425.880894,2026-09-25T16:14:57.9515334Z,-0.07866668701171875,0.005752086639404297,
PT-O-034,42,420,421,422.2369983,2026-09-25T16:22:02.3811671+00:00,449.3,449.299039,2026-09-25T16:22:27.5895655Z,-0.0741262435913086,16.80357599258423,
PT-O-034,43,420,421,422.16209000000003,2026-09-25T16:29:31.9114871+00:00,445.81,445.810591,2026-09-25T16:29:53.6797797Z,-0.08620119094848633,13.439090967178345,
PT-O-034,44,420,421,422.336545,2026-09-25T16:36:58.1127855+00:00,448.5,448.49896,2026-09-25T16:37:22.4141694Z,-0.08749604225158691,15.985255002975464,
PT-O-035,42,420,,3.0798742999999997,2026-09-25T16:37:26.9962849+00:00,4.41,4.413686,2026-09-25T16:37:27.0013531Z,-0.016642332077026367,0.00506901741027832,
PT-O-035,43,420,,3.3429767999999997,2026-09-25T16:37:31.7775674+00:00,4.66,4.664881,2026-09-25T16:37:31.7818547Z,-0.015000581741333008,0.004287004470825195,
PT-O-035,44,420,,3.2770884000000002,2026-09-25T16:37:36.5191376+00:00,4.63,4.625199,2026-09-25T16:37:36.5236209Z,-0.020455121994018555,0.00448298454284668,
PT-O-036,42,420,,3.3244954,2026-09-25T16:37:41.5341894+00:00,4.69,4.692013,2026-09-25T16:37:41.5428255Z,-0.015000104904174805,0.008635997772216797,
PT-O-036,43,420,,3.1842496999999996,2026-09-25T16:37:46.3639265+00:00,4.7,4.697225,2026-09-25T16:37:46.5055040Z,-0.02139735221862793,0.14157795906066895,
PT-O-036,44,420,,3.2425748,2026-09-25T16:37:51.3541468+00:00,4.7,4.699095,2026-09-25T16:37:51.4995062Z,-0.015000104904174805,0.14535999298095703,
PT-O-037,42,420,421,422.39705,2026-09-25T16:44:55.4058661+00:00,442.85,442.848579,2026-09-25T16:45:14.5359676Z,-0.0149993896484375,12.617891073226929,
PT-O-037,43,420,421,422.099487,2026-09-25T16:52:18.2194074+00:00,455.22,455.215415,2026-09-25T16:52:49.9836447Z,-0.020693063735961914,25.28963303565979,
PT-O-037,44,420,421,422.0747023,2026-09-25T16:59:53.6928065+00:00,444.95,444.946474,2026-09-25T17:00:15.2040422Z,-0.015000581741333008,15.097115993499756,
PT-O-038,42,420,421,424.0461334,2026-09-25T17:07:20.7358206+00:00,501.66,501.655206,2026-09-25T17:08:37.1138326Z,-0.01556849479675293,32.612931966781616,
PT-O-038,43,420,421,424.7469873,2026-09-25T17:15:43.1983233+00:00,508.11,508.106004,2026-09-25T17:17:05.3086603Z,-0.0166323184967041,38.425873041152954,
PT-O-038,44,420,421,424.445961,2026-09-25T17:24:11.3577246+00:00,509.36,509.356221,2026-09-25T17:25:34.9837916Z,-0.020993709564208984,39.89063119888306,
PT-O-039,42,420,421,426.2422952,2026-09-25T17:32:42.8502729+00:00,512.62,512.624144,2026-09-25T17:34:07.9407431Z,-0.016923904418945312,83.53675103187561,
PT-O-039,43,420,421,425.344678,2026-09-25T17:41:14.8226536+00:00,531.59,531.594988,2026-09-25T17:42:59.8051711Z,-0.022232532501220703,83.3129050731659,
PT-O-039,44,420,421,425.8045627,2026-09-25T17:50:07.1791886+00:00,505.63,505.629654,2026-09-25T17:51:25.7581720Z,-0.018579959869384766,22.17411494255066,
PT-O-040,42,420,421,422.73827500000004,2026-09-25T17:58:29.9927606+00:00,424.16,424.160339,2026-09-25T17:58:30.0011692Z,-0.027679443359375,0.00840902328491211,
PT-O-040,43,420,421,422.3705513,2026-09-25T18:05:34.0432529+00:00,423.82,423.818718,2026-09-25T18:05:34.0514963Z,-0.021439075469970703,0.008244037628173828,
PT-O-040,44,420,421,422.1082914,2026-09-25T18:12:37.8979945+00:00,423.59,423.586422,2026-09-25T18:12:37.9042893Z,-0.020229339599609375,0.006294965744018555,
PT-O-041,42,420,421,422.997453,2026-09-25T18:19:42.3971461+00:00,455.59,455.586325,2026-09-25T18:20:13.6108488Z,-0.014999866485595703,17.728699922561646,
PT-O-041,43,420,421,423.2634682,2026-09-25T18:27:18.4232306+00:00,612.12,612.117699,2026-09-25T18:30:25.8418825Z,-0.02080368995666504,173.80430006980896,
PT-O-041,44,420,421,422.025979,2026-09-25T18:37:29.4568218+00:00,479.8,479.799874,2026-09-25T18:38:25.8293489Z,-0.015000104904174805,42.94991707801819,
PT-O-042,42,420,421,423.4018811,2026-09-25T18:45:30.7887876+00:00,692.58,692.581974,2026-09-25T18:49:58.5462224Z,-0.015000343322753906,266.2350790500641,
PT-O-042,43,420,421,422.9323066,2026-09-25T18:57:03.1198098+00:00,576.25,576.250049,2026-09-25T18:59:35.0490006Z,-0.017199277877807617,107.23554110527039,
PT-O-042,44,420,421,423.3313073,2026-09-25T19:06:40.0121953+00:00,494.04,494.041262,2026-09-25T19:07:49.2523328Z,-0.017884254455566406,24.700278997421265,
PT-O-043,42,420,421,425.98528769999996,2026-09-25T19:14:56.5856403+00:00,589.33,589.332493,2026-09-25T19:17:38.6650798Z,-0.01585674285888672,160.56266522407532,
PT-O-043,43,420,421,425.7394101,2026-09-25T19:24:46.0257720+00:00,588.09,588.093836,2026-09-25T19:27:27.0881125Z,-0.018689393997192383,159.56755900382996,
PT-O-043,44,420,421,426.00579719999996,2026-09-25T19:34:34.5297494+00:00,589.19,589.191869,2026-09-25T19:37:16.4988104Z,-0.015000343322753906,160.45948004722595,
PT-O-044,42,420,421,422.69645640000005,2026-09-25T19:44:20.6590982+00:00,423.97,423.969655,2026-09-25T19:44:20.6659193Z,-0.018940448760986328,0.006821155548095703,
PT-O-044,43,420,421,423.0322367,2026-09-25T19:51:25.2401090+00:00,424.25,424.253056,2026-09-25T19:51:25.2476563Z,-0.016782522201538086,0.007547140121459961,
PT-O-044,44,420,421,422.9477514,2026-09-25T19:58:29.5976254+00:00,424.19,424.185333,2026-09-25T19:58:29.6029403Z,-0.019121885299682617,0.005315065383911133,
PT-O-045,42,420,421,422.5971042,2026-09-25T20:05:33.7714957+00:00,423.88,423.884629,2026-09-25T20:05:33.7790783Z,-0.020888090133666992,0.007582902908325195,
PT-O-045,43,420,421,423.23672769999996,2026-09-25T20:12:38.4233881+00:00,424.46,424.456076,2026-09-25T20:12:38.4277716Z,-0.017433881759643555,0.004383087158203125,
PT-O-045,44,420,421,423.8728316,2026-09-25T20:19:43.7830952+00:00,425.09,425.088767,2026-09-25T20:19:43.7897985Z,-0.01719045639038086,0.00670313835144043,
PT-O-046,42,420,421,438.8492976,2026-09-25T20:27:04.0612255+00:00,581.51,581.511755,2026-09-25T20:29:25.5427765Z,-0.021021604537963867,24.80989122390747,
PT-O-046,43,420,421,465.6893976,2026-09-25T20:37:12.6655852+00:00,606.06,606.063826,2026-09-25T20:39:31.8365986Z,-0.014999866485595703,22.924847841262817,
PT-O-046,44,420,421,470.63058750000005,2026-09-25T20:47:23.7954363+00:00,595.6,595.595675,2026-09-25T20:49:27.5371594Z,-0.01645684242248535,17.86756205558777,
PT-O-047,42,420,421,432.57740379999996,2026-09-25T20:56:41.5080806+00:00,563.97,563.965628,2026-09-25T20:58:51.6870326Z,-0.019156694412231445,17.763423919677734,
PT-O-047,43,420,421,445.63715240000005,2026-09-25T21:06:18.7465801+00:00,591.46,591.457226,2026-09-25T21:08:43.3496796Z,-0.014999628067016602,26.024347066879272,
PT-O-047,44,420,421,470.0441128,2026-09-25T21:16:34.9643580+00:00,616.66,616.65993,2026-09-25T21:19:00.3472979Z,-0.015000581741333008,39.431694984436035,
PT-O-048,42,420,421,423.10638559999995,2026-09-25T21:26:04.8942672+00:00,447.64,447.635548,2026-09-25T21:26:28.1993568Z,-0.016710281372070312,15.146533012390137,
PT-O-048,43,420,421,422.88182689999996,2026-09-25T21:33:32.5102458+00:00,447.42,447.418604,2026-09-25T21:33:55.8115685Z,-0.021355152130126953,15.245429039001465,
PT-O-048,44,420,421,422.1433297,2026-09-25T21:40:59.6462576+00:00,450.11,450.112531,2026-09-25T21:41:26.1534240Z,-0.017431020736694336,17.996369123458862,
PT-O-049,42,420,421,422.1112533,2026-09-25T21:48:29.7537419+00:00,423.45,423.448321,2026-09-25T21:48:29.7578799Z,-0.03903031349182129,0.004137992858886719,
PT-O-049,43,420,421,422.0803803,2026-09-25T21:55:33.4475400+00:00,423.36,423.363249,2026-09-25T21:55:33.4549932Z,-0.036966800689697266,0.007452964782714844,
PT-O-049,44,420,421,422.6642323,2026-09-25T22:02:37.6198451+00:00,423.97,423.96539,2026-09-25T22:02:37.6236231Z,-0.03803277015686035,0.0037779808044433594,
PT-O-050,42,420,421,422.30584749999997,2026-09-25T22:09:41.3783186+00:00,446.1,446.102368,2026-09-25T22:10:03.8536387Z,-0.02242875099182129,16.610673904418945,
PT-O-050,43,420,421,422.3206389,2026-09-25T22:17:07.9412476+00:00,446.44,446.435573,2026-09-25T22:17:30.6192419Z,-0.021497488021850586,16.788475036621094,
PT-O-050,44,420,421,421.9035594,2026-09-25T22:24:34.0170077+00:00,445.45,445.451616,2026-09-25T22:24:56.1897110Z,-0.020336389541625977,16.28418207168579,
PT-O-051,42,420,421,434.5994489,2026-09-25T22:32:12.3448262+00:00,601.79,601.788171,2026-09-25T22:34:58.1453424Z,-0.0213010311126709,105.73152804374695,
PT-O-051,43,420,422,436.8517584,2026-09-25T22:42:16.6388575+00:00,631.24,631.242894,2026-09-25T22:45:29.6772476Z,-0.014999866485595703,132.45612907409668,
PT-O-051,44,420,421,433.58876929999997,2026-09-25T22:52:44.7943218+00:00,553.24,553.244472,2026-09-25T22:54:43.0703550Z,-0.016835927963256836,58.00524687767029,
PT-O-052,42,420,421,436.7059494,2026-09-25T23:02:01.3862176+00:00,601.06,601.059477,2026-09-25T23:04:44.3592309Z,-0.021416664123535156,102.2570230960846,
PT-O-052,43,420,421,436.8229237,2026-09-25T23:12:02.6594521+00:00,534.4,534.396606,2026-09-25T23:13:38.8787304Z,-0.02114391326904297,36.0197319984436,
PT-O-052,44,420,422,433.0164921,2026-09-25T23:20:53.4949032+00:00,589.01,589.0073,2026-09-25T23:23:28.1134842Z,-0.015000104904174805,94.21098685264587,
PT-O-053,42,420,423,424.5213773,2026-09-25T23:30:34.3400238+00:00,641.38,641.378441,2026-09-25T23:34:09.6413629Z,-0.015810012817382812,212.09995698928833,
PT-O-053,43,420,424,425.0138138,2026-09-25T23:41:16.3485088+00:00,451.76,451.761168,2026-09-25T23:41:41.5649402Z,-0.019654035568237305,22.05257487297058,
PT-O-053,44,420,421,422.47508519999997,2026-09-25T23:48:45.7671313+00:00,452.06,452.058532,2026-09-25T23:49:13.8500868Z,-0.018566608428955078,24.91924285888672,
PT-O-054,42,420,421,423.0125042,2026-09-25T23:56:18.6830224+00:00,497.88,497.881172,2026-09-25T23:57:32.0258915Z,-0.028071880340576172,56.907042026519775,
PT-O-054,43,420,421,422.15424829999995,2026-09-26T00:04:36.0426927+00:00,504.29,504.292566,2026-09-26T00:05:56.6229612Z,-0.030508995056152344,29.244473934173584,
PT-O-054,44,420,421,422.1561016,2026-09-26T00:13:00.5324685+00:00,457.22,457.219438,2026-09-26T00:13:34.0395891Z,-0.024399518966674805,16.994776010513306,
PT-O-055,42,420,421,422.9536304,2026-09-26T00:20:38.6300641+00:00,424.4,424.400758,2026-09-26T00:20:38.6338512Z,-0.027401447296142578,0.0037870407104492188,
PT-O-055,43,420,421,423.2494273,2026-09-26T00:27:43.4268414+00:00,424.69,424.688263,2026-09-26T00:27:43.4306091Z,-0.02905583381652832,0.0037679672241210938,
PT-O-055,44,420,421,423.68780119999997,2026-09-26T00:34:48.7840604+00:00,425.13,425.125599,2026-09-26T00:34:48.7873090Z,-0.029146194458007812,0.003248929977416992,
PT-O-056,42,420,421,421.8872411,2026-09-26T00:41:52.3450580+00:00,423.36,423.358967,2026-09-26T00:41:52.3487701Z,-0.044634342193603516,0.0037119388580322266,
PT-O-056,43,420,421,422.4394232,2026-09-26T00:48:56.6019641+00:00,423.96,423.955859,2026-09-26T00:48:56.6067116Z,-0.04957294464111328,0.004746913909912109,
PT-O-056,44,420,421,423.25261570000004,2026-09-26T00:56:01.6199894+00:00,424.73,424.734483,2026-09-26T00:56:01.6236004Z,-0.045102596282958984,0.0036110877990722656,
PT-O-057,42,420,421,423.4927206,2026-09-26T01:03:06.6629613+00:00,516.43,516.431861,2026-09-26T01:04:38.1518276Z,-0.03864145278930664,85.73717498779297,
PT-O-057,43,420,421,423.0222844,2026-09-26T01:11:42.9386464+00:00,459.82,459.819953,2026-09-26T01:12:18.2206924Z,-0.04144024848937988,29.670833826065063,
PT-O-057,44,420,421,422.507162,2026-09-26T01:19:22.4171785+00:00,505.9,505.904972,2026-09-26T01:20:44.3255398Z,-0.044928550720214844,76.21387100219727,
PT-O-058,42,420,421,421.87653869999997,2026-09-26T01:27:47.5005226+00:00,477.02,477.018091,2026-09-26T01:28:41.5947375Z,-0.01786947250366211,48.55389714241028,
PT-O-058,43,420,421,422.6001105,2026-09-26T01:35:45.6098550+00:00,447.68,447.67573,2026-09-26T01:36:09.5979406Z,-0.018921852111816406,18.35320806503296,
PT-O-058,44,420,421,422.7759804,2026-09-26T01:43:13.7889363+00:00,501.96,501.957703,2026-09-26T01:44:31.8923967Z,-0.014999628067016602,72.54511594772339,
PT-O-059,42,420,421,462.6303597,2026-09-26T01:52:15.9520762+00:00,626.38,626.377431,2026-09-26T01:54:58.5010260Z,-0.019181013107299805,81.7919659614563,
PT-O-059,43,420,421,471.4103026,2026-09-26T02:02:51.2166053+00:00,865.75,865.751369,2026-09-26T02:09:24.3619216Z,-0.02114248275756836,391.5881099700928,
PT-O-059,44,420,421,472.29828879999997,2026-09-26T02:17:18.1959545+00:00,563.22,563.220797,2026-09-26T02:18:47.9198456Z,-0.02202582359313965,46.146480083465576,
PT-O-060,42,420,421,426.0786224,2026-09-26T02:25:55.4666779+00:00,554.9,554.898114,2026-09-26T02:28:03.0938179Z,-0.015000104904174805,26.90801692008972,
PT-O-060,43,420,421,426.3795136,2026-09-26T02:35:10.9302709+00:00,641.74,641.738638,2026-09-26T02:38:45.0556530Z,-0.01863408088684082,111.97767114639282,
PT-O-060,44,420,421,427.5391454,2026-09-26T02:45:53.9127422+00:00,568.19,568.188747,2026-09-26T02:48:13.4516219Z,-0.021971464157104492,15.98338007926941,
PT-O-061,42,420,421,422.7538393,2026-09-26T02:55:17.7130641+00:00,478.96,478.958804,2026-09-26T02:56:12.6721920Z,-0.022708892822265625,22.571643114089966,
PT-O-061,43,420,421,423.546874,2026-09-26T03:03:17.5678651+00:00,568.52,568.518426,2026-09-26T03:05:41.3442422Z,-0.014999628067016602,111.56451511383057,
PT-O-061,44,420,421,423.24333909999996,2026-09-26T03:12:46.1544295+00:00,540.79,540.792047,2026-09-26T03:14:42.2676088Z,-0.01983022689819336,83.86802983283997,
PT-O-062,42,420,421,421.803222,2026-09-26T03:21:45.4421880+00:00,422.95,422.950261,2026-09-26T03:21:45.4490830Z,-0.01749277114868164,0.0068950653076171875,
PT-O-062,43,420,421,423.2495149,2026-09-26T03:28:50.3592615+00:00,424.72,424.717806,2026-09-26T03:28:50.3663933Z,-0.02162790298461914,0.007132053375244141,
PT-O-062,44,420,421,422.4997834,2026-09-26T03:35:54.2768718+00:00,423.82,423.81933,2026-09-26T03:35:54.2799039Z,-0.014999628067016602,0.0030319690704345703,
PT-O-063,42,420,421,422.9195942,2026-09-26T03:43:00.2216615+00:00,482.23,482.231909,2026-09-26T03:43:56.7575701Z,-0.08158683776855469,30.827644109725952,
PT-O-063,43,420,421,423.73022979999996,2026-09-26T03:51:03.2661907+00:00,477.19,477.193434,2026-09-26T03:51:54.1865150Z,-0.07973575592041016,25.06850004196167,
PT-O-063,44,420,421,423.8091155,2026-09-26T03:59:01.0621779+00:00,478.72,478.717997,2026-09-26T03:59:53.0816338Z,-0.08607363700866699,19.812050104141235,
PT-O-064,42,420,421,424.621818,2026-09-26T04:07:00.5572092+00:00,636.21,636.207815,2026-09-26T04:10:29.5048304Z,-0.08623170852661133,115.79771685600281,
PT-O-064,43,420,421,425.41843209999996,2026-09-26T04:17:37.5846050+00:00,722.69,722.686701,2026-09-26T04:22:32.3421120Z,-0.0649423599243164,292.28050804138184,
PT-O-064,44,420,422,424.0958316,2026-09-26T04:29:39.5595885+00:00,531.64,531.640382,2026-09-26T04:31:24.2002484Z,-0.09338760375976562,27.03664994239807,
PT-O-065,42,420,422,423.8770065,2026-09-26T04:38:31.6190261+00:00,517.29,517.285143,2026-09-26T04:40:01.7339799Z,-0.08663702011108398,17.6233549118042,
PT-O-065,43,420,426,428.1273905,2026-09-26T04:47:12.7389804+00:00,566.88,566.876238,2026-09-26T04:49:28.8133312Z,-0.06890749931335449,26.30525493621826,
PT-O-065,44,420,422,424.44847610000005,2026-09-26T04:56:36.9135858+00:00,820.73,820.727742,2026-09-26T05:03:09.8232957Z,-0.08637332916259766,389.7286231517792,
PT-O-066,42,420,3,4.9484508,2026-09-26T05:03:16.7653315+00:00,34.79,34.793299,2026-09-26T05:03:44.8751160Z,-0.041753530502319336,18.138137102127075,
PT-O-066,43,420,32,35.148883999999995,2026-09-26T05:04:21.6849633+00:00,58.46,58.456419,2026-09-26T05:04:43.4882275Z,-0.03386282920837402,18.07895588874817,
PT-O-066,44,420,24,25.5583098,2026-09-26T05:05:11.0539639+00:00,55.7,55.701146,2026-09-26T05:05:39.5045717Z,-0.04592728614807129,18.079957008361816,
PT-O-067,42,420,424,431.40348570000003,2026-09-26T05:12:53.1758271+00:00,490.33,490.334714,2026-09-26T05:13:50.0198335Z,-0.041713714599609375,18.09124517440796,
PT-O-067,43,420,423,429.4796695,2026-09-26T05:21:01.2035539+00:00,488.12,488.120961,2026-09-26T05:21:58.2743005Z,-0.03433990478515625,18.125408172607422,
PT-O-067,44,420,421,439.74403129999996,2026-09-26T05:29:19.9870256+00:00,503.76,503.755645,2026-09-26T05:30:22.1371917Z,-0.037085771560668945,18.168746948242188,
PT-O-068,42,420,426,438.30017460000005,2026-09-26T05:37:42.1732829+00:00,583.13,583.134836,2026-09-26T05:40:05.4788264Z,-0.023987770080566406,19.68095302581787,
PT-O-068,43,420,425,435.08338890000005,2026-09-26T05:47:22.4220569+00:00,578.47,578.474851,2026-09-26T05:49:44.2867151Z,-0.018529653549194336,18.380149126052856,
PT-O-068,44,420,423,434.41423469999995,2026-09-26T05:57:00.4478645+00:00,578.33,578.330276,2026-09-26T05:59:22.8042024Z,-0.019428253173828125,18.676735162734985,
PT-O-069,42,420,421,423.629016,2026-09-26T06:06:28.2891333+00:00,508.77,508.765029,2026-09-26T06:07:51.8237831Z,-0.034924983978271484,29.060213804244995,
PT-O-069,43,420,421,424.0049796,2026-09-26T06:14:57.7029024+00:00,501.6,501.603583,2026-09-26T06:16:13.6952741Z,-0.02609705924987793,21.626999139785767,
PT-O-069,44,420,421,424.6043298,2026-09-26T06:23:19.9750556+00:00,497.1,497.097041,2026-09-26T06:24:30.9089071Z,-0.02653980255126953,16.541318893432617,
PT-O-070,42,420,421,422.5454866,2026-09-26T06:31:35.1261617+00:00,469.73,469.728862,2026-09-26T06:32:20.7302291Z,-0.03966856002807617,26.605693817138672,
PT-O-070,43,420,424,425.3370823,2026-09-26T06:39:27.7706143+00:00,506.36,506.360843,2026-09-26T06:40:47.2656203Z,-0.03413820266723633,60.31362700462341,
PT-O-070,44,420,421,422.7378847,2026-09-26T06:47:51.7069405+00:00,508.13,508.127551,2026-09-26T06:49:15.5355802Z,-0.03488969802856445,64.12672996520996,
PT-O-071,42,420,421,423.8935841,2026-09-26T06:56:21.3005106+00:00,504.96,504.962664,2026-09-26T06:57:40.8251711Z,-0.026052474975585938,50.49143099784851,
PT-O-071,43,420,421,423.2360123,2026-09-26T07:04:45.8132667+00:00,483.68,483.679187,2026-09-26T07:05:44.7080674Z,-0.027892112731933594,29.7816059589386,
PT-O-071,44,420,421,423.66428989999997,2026-09-26T07:12:50.0585130+00:00,475.52,475.523819,2026-09-26T07:13:40.3775505Z,-0.024705171585083008,21.32242178916931,
PT-O-072,42,420,421,423.4820865,2026-09-26T07:20:45.5454362+00:00,522.31,522.312999,2026-09-26T07:22:22.8534912Z,-0.0321202278137207,95.65393114089966,
PT-O-072,43,420,423,424.8150844,2026-09-26T07:29:29.4124036+00:00,826.56,826.555345,2026-09-26T07:36:09.6007253Z,-0.03270292282104492,398.54464197158813,
PT-O-072,44,420,424,426.3171724,2026-09-26T07:43:17.6708729+00:00,479.64,479.638209,2026-09-26T07:44:09.4405265Z,-0.03539776802062988,32.12164306640625,
PT-O-073,42,420,421,422.4945089,2026-09-26T07:51:13.2283249+00:00,423.66,423.65638,2026-09-26T07:51:13.2335908Z,-0.01579737663269043,0.005265951156616211,
PT-O-073,43,420,421,422.905421,2026-09-26T07:58:17.5901189+00:00,424.07,424.068144,2026-09-26T07:58:17.5970783Z,-0.0149993896484375,0.006960153579711914,
PT-O-073,44,420,421,422.1652824,2026-09-26T08:05:21.1416121+00:00,423.34,423.33692,2026-09-26T08:05:21.1505905Z,-0.016106367111206055,0.008977890014648438,
PT-O-074,42,420,421,421.9169961,2026-09-26T08:12:24.6448600+00:00,423.35,423.350778,2026-09-26T08:12:24.6490298Z,-0.046865224838256836,0.004168987274169922,
PT-O-074,43,420,425,426.6513627,2026-09-26T08:19:32.8385833+00:00,428.12,428.115857,2026-09-26T08:19:32.8450118Z,-0.03450369834899902,0.0064280033111572266,
PT-O-074,44,420,421,423.4870943,2026-09-26T08:26:38.0085924+00:00,424.99,424.992325,2026-09-26T08:26:38.0157375Z,-0.03351426124572754,0.0071451663970947266,
PT-O-075,42,420,421,422.9336959,2026-09-26T08:33:42.7894810+00:00,424.64,424.636027,2026-09-26T08:33:42.7959716Z,-0.02664017677307129,0.006489992141723633,
PT-O-075,43,420,421,423.19237949999996,2026-09-26T08:40:47.9705933+00:00,424.88,424.878862,2026-09-26T08:40:47.9773424Z,-0.025679826736450195,0.00674891471862793,
PT-O-075,44,420,421,422.1616548,2026-09-26T08:47:52.2178998+00:00,424.09,424.093004,2026-09-26T08:47:52.2248872Z,-0.019190549850463867,0.006987810134887695,
PT-O-076,42,420,421,422.4498372,2026-09-26T08:54:56.6286284+00:00,462.64,462.639958,2026-09-26T08:55:35.1304021Z,-0.026085376739501953,26.18741798400879,
PT-O-076,43,420,421,423.4359704,2026-09-26T09:02:40.3719542+00:00,472.05,472.04616,2026-09-26T09:03:27.2577302Z,-0.01941227912902832,34.93578505516052,
PT-O-076,44,420,421,422.7502063,2026-09-26T09:10:32.0481406+00:00,462.77,462.769344,2026-09-26T09:11:10.3217352Z,-0.028572559356689453,26.071791887283325,
PT-O-077,42,420,430,433.8574597,2026-09-26T09:18:26.1907708+00:00,435.59,435.591281,2026-09-26T09:18:26.1992581Z,-0.01899242401123047,0.008488178253173828,
PT-O-077,43,420,421,424.3187586,2026-09-26T09:25:32.5190053+00:00,426.01,426.00767,2026-09-26T09:25:32.5221296Z,-0.017870664596557617,0.0031239986419677734,
PT-O-077,44,420,426,429.3010807,2026-09-26T09:32:43.8643028+00:00,431.03,431.033268,2026-09-26T09:32:43.8695041Z,-0.023790836334228516,0.005202054977416992,
PT-O-078,42,420,421,423.7061752,2026-09-26T09:39:49.3848068+00:00,425.22,425.21864,2026-09-26T09:39:49.3880385Z,-0.019418001174926758,0.0032320022583007812,
PT-O-078,43,420,421,422.9827282,2026-09-26T09:46:54.2173003+00:00,424.51,424.507416,2026-09-26T09:46:54.2231193Z,-0.014999866485595703,0.005819082260131836,
PT-O-078,44,420,421,423.8706427,2026-09-26T09:53:59.7996147+00:00,425.37,425.368342,2026-09-26T09:53:59.8062501Z,-0.020191669464111328,0.006636142730712891,
PT-O-079,42,420,421,422.78479680000004,2026-09-26T10:01:04.4075987+00:00,424.29,424.293607,2026-09-26T10:01:04.4118309Z,-0.015000581741333008,0.004231929779052734,
PT-O-079,43,420,421,423.9656313,2026-09-26T10:08:10.2092621+00:00,425.49,425.490574,2026-09-26T10:08:10.2145821Z,-0.019245386123657227,0.005320072174072266,
PT-O-079,44,420,421,422.7793719,2026-09-26T10:15:14.6920057+00:00,424.27,424.27462,2026-09-26T10:15:14.6988769Z,-0.015000104904174805,0.00687098503112793,
PT-O-080,42,420,425,427.4907156,2026-09-26T10:22:24.0622154+00:00,429.06,429.062957,2026-09-26T10:22:24.0695975Z,-0.022360563278198242,0.007381916046142578,
PT-O-080,43,420,425,426.3498223,2026-09-26T10:29:32.1536531+00:00,427.95,427.945046,2026-09-26T10:29:32.1622200Z,-0.014999628067016602,0.008567094802856445,
PT-O-080,44,420,422,424.6543837,2026-09-26T10:36:38.7276096+00:00,426.24,426.240196,2026-09-26T10:36:38.7338227Z,-0.01799750328063965,0.006213188171386719,
PT-O-081,42,420,421,422.99045,2026-09-26T10:43:43.4856919+00:00,473.99,473.985643,2026-09-26T10:44:32.9181558Z,-0.014999628067016602,24.361419916152954,
PT-O-081,43,420,421,422.5262859,2026-09-26T10:51:37.1597905+00:00,471.03,471.034443,2026-09-26T10:52:24.1425322Z,-0.02100825309753418,22.284102201461792,
PT-O-081,44,420,421,422.6742483,2026-09-26T10:59:28.5925342+00:00,469.61,469.608901,2026-09-26T11:00:13.9544666Z,-0.015000104904174805,20.606134176254272,
PT-O-082,42,420,424,426.21485029999997,2026-09-26T11:07:21.4965750+00:00,427.45,427.451931,2026-09-26T11:07:21.5050247Z,-0.015000343322753906,0.00844883918762207,
PT-O-082,43,420,424,425.68737849999997,2026-09-26T11:14:28.6500098+00:00,426.97,426.966917,2026-09-26T11:14:28.6548948Z,-0.014999866485595703,0.004885196685791016,
PT-O-082,44,420,426,427.8561353,2026-09-26T11:21:38.1256848+00:00,429.2,429.199325,2026-09-26T11:21:38.1306628Z,-0.01924443244934082,0.0049779415130615234,
PT-O-083,42,420,422,424.073842,2026-09-26T11:28:43.6846151+00:00,822.1,822.101837,2026-09-26T11:35:20.4959713Z,-0.015000343322753906,395.13532400131226,
PT-O-083,43,420,423,423.854494,2026-09-26T11:42:25.8786733+00:00,596.74,596.735628,2026-09-26T11:45:17.5001284Z,-0.02207493782043457,170.17346596717834,
PT-O-083,44,420,423,423.45,2026-09-26T11:52:22.4453984+00:00,845.09,845.088299,2026-09-26T11:59:22.8739265Z,-0.014999866485595703,418.93793201446533,
PT-O-084,42,420,421,422.2369498,2026-09-26T12:06:26.5683092+00:00,464.49,464.493015,2026-09-26T12:07:07.5180620Z,-0.0149993896484375,33.752541065216064,
PT-O-084,43,420,427,428.890261,2026-09-26T12:14:17.9619363+00:00,468.9,468.895303,2026-09-26T12:14:56.7336052Z,-0.015088558197021484,31.561036825180054,
PT-O-084,44,420,421,421.96595260000004,2026-09-26T12:22:00.1743710+00:00,457.85,457.845985,2026-09-26T12:22:34.8463195Z,-0.01652979850769043,27.700648069381714,
PT-O-085,42,420,425,435.4337388,2026-09-26T12:29:51.7325867+00:00,662.6,662.600921,2026-09-26T12:33:37.7370078Z,-0.01550436019897461,102.71241879463196,
PT-O-085,43,420,426,429.6439068,2026-09-26T12:40:48.8102527+00:00,669.6,669.596483,2026-09-26T12:44:47.5707522Z,-0.015000343322753906,237.1863307952881,
PT-O-085,44,420,426,436.1062676,2026-09-26T12:52:05.4214425+00:00,840.38,840.376415,2026-09-26T12:58:48.2014262Z,-0.02225637435913086,401.17829394340515,
PT-O-086,42,420,424,427.1701537,2026-09-26T13:05:57.0185034+00:00,428.59,428.589275,2026-09-26T13:05:57.0216794Z,-0.014999628067016602,0.003175973892211914,
PT-O-086,43,420,421,423.7697059,2026-09-26T13:13:02.5736817+00:00,425.26,425.255794,2026-09-26T13:13:02.5797641Z,-0.02232670783996582,0.006082773208618164,
PT-O-086,44,420,422,424.9468898,2026-09-26T13:20:09.5888341+00:00,426.82,426.817779,2026-09-26T13:20:09.5977016Z,-0.01826333999633789,0.008867025375366211,
PT-O-087,42,420,421,424.0428139,2026-09-26T13:27:15.2067064+00:00,425.36,425.360497,2026-09-26T13:27:15.2104729Z,-0.030423402786254883,0.0037660598754882812,
PT-O-087,43,420,421,423.5949901,2026-09-26T13:34:20.5548307+00:00,425.05,425.049861,2026-09-26T13:34:20.5602814Z,-0.03215193748474121,0.0054509639739990234,
PT-O-087,44,420,421,423.7961787,2026-09-26T13:41:26.2280657+00:00,425.47,425.465155,2026-09-26T13:41:26.2321809Z,-0.03507661819458008,0.004115104675292969,
PT-O-088,42,420,421,423.4964634,2026-09-26T13:48:31.2033549+00:00,475.99,475.990267,2026-09-26T13:49:22.3280475Z,-0.03757810592651367,39.80803394317627,
PT-O-088,43,420,421,424.7286494,2026-09-26T13:56:29.0178077+00:00,465.15,465.150869,2026-09-26T13:57:07.6408549Z,-0.031235456466674805,29.015958786010742,
PT-O-088,44,420,421,423.9639582,2026-09-26T14:04:13.1381205+00:00,456.75,456.746773,2026-09-26T14:04:44.5763249Z,-0.0401456356048584,22.239590883255005,
PT-O-089,42,420,421,424.41863429999995,2026-09-26T14:11:51.0297432+00:00,444.05,444.048567,2026-09-26T14:12:08.7844918Z,-0.02112436294555664,14.02097201347351,
PT-O-089,43,420,421,424.4762918,2026-09-26T14:19:14.7465094+00:00,448.86,448.864582,2026-09-26T14:19:37.8268965Z,-0.016738176345825195,19.480406999588013,
PT-O-089,44,420,421,423.6867754,2026-09-26T14:26:42.9483838+00:00,444.64,444.64257,2026-09-26T14:27:02.7888945Z,-0.016668081283569336,16.058985948562622,
PT-O-090,42,420,424,425.853379,2026-09-26T14:34:10.0494905+00:00,473.44,473.436358,2026-09-26T14:34:56.4774183Z,-0.018393993377685547,22.113908052444458,
PT-O-090,43,420,421,424.2269707,2026-09-26T14:42:02.1758446+00:00,506.57,506.566098,2026-09-26T14:43:23.3778575Z,-0.015000343322753906,56.56941485404968,
PT-O-090,44,420,421,423.68368530000004,2026-09-26T14:50:28.8063545+00:00,475.25,475.252752,2026-09-26T14:51:18.9343293Z,-0.015811443328857422,23.999258995056152,
PT-O-091,42,420,422,423.8019643,2026-09-26T14:58:24.6692988+00:00,425.44,425.436219,2026-09-26T14:58:24.6739929Z,-0.018987178802490234,0.0046939849853515625,
PT-O-091,43,420,422,422.9068076,2026-09-26T15:05:28.9401334+00:00,424.12,424.116623,2026-09-26T15:05:28.9457764Z,-0.018999099731445312,0.005642890930175781,
PT-O-091,44,420,422,423.9387295,2026-09-26T15:12:34.4880009+00:00,425.27,425.272164,2026-09-26T15:12:34.4959983Z,-0.02263021469116211,0.007997989654541016,
PT-O-092,42,420,422,423.0280134,2026-09-26T15:19:38.8153847+00:00,424.2,424.201417,2026-09-26T15:19:38.8208594Z,-0.022167682647705078,0.005475044250488281,
PT-O-092,43,420,421,422.7893709,2026-09-26T15:26:43.0165863+00:00,424.06,424.057243,2026-09-26T15:26:43.0212800Z,-0.022497892379760742,0.0046939849853515625,
PT-O-092,44,420,421,422.73908750000004,2026-09-26T15:33:47.1644907+00:00,423.99,423.99311,2026-09-26T15:33:47.1725969Z,-0.015000104904174805,0.008105993270874023,
PT-O-093,42,420,421,422.6935062,2026-09-26T15:40:52.0449133+00:00,424.65,424.649672,2026-09-26T15:40:52.0484322Z,-0.02356553077697754,0.0035190582275390625,
PT-O-093,43,420,421,422.1127664,2026-09-26T15:47:56.2114949+00:00,423.95,423.946155,2026-09-26T15:47:56.2149060Z,-0.017775297164916992,0.003412008285522461,
PT-O-093,44,420,421,421.94604810000004,2026-09-26T15:54:59.9504622+00:00,423.65,423.646809,2026-09-26T15:54:59.9562980Z,-0.024338483810424805,0.005836009979248047,
PT-O-094,42,420,422,422.6809427,2026-09-26T16:02:04.5184219+00:00,424.35,424.352573,2026-09-26T16:02:04.5219563Z,-0.02846503257751465,0.003535032272338867,
PT-O-094,43,420,423,425.2727682,2026-09-26T16:09:11.6214380+00:00,426.95,426.954849,2026-09-26T16:09:11.6264199Z,-0.033005475997924805,0.004981040954589844,
PT-O-094,44,420,421,422.8162384,2026-09-26T16:16:16.4090037+00:00,424.5,424.497295,2026-09-26T16:16:16.4123703Z,-0.027165651321411133,0.0033669471740722656,
PT-O-095,42,420,421,421.9524106,2026-09-26T16:23:20.2505209+00:00,423.65,423.648491,2026-09-26T16:23:20.2552995Z,-0.0313413143157959,0.00477910041809082,
PT-O-095,43,420,421,422.86761540000003,2026-09-26T16:30:25.2463897+00:00,424.7,424.695074,2026-09-26T16:30:25.2544252Z,-0.022315263748168945,0.008036136627197266,
PT-O-095,44,420,421,421.8565041,2026-09-26T16:37:28.9148767+00:00,423.58,423.584905,2026-09-26T16:37:28.9196107Z,-0.03350710868835449,0.004734039306640625,
PT-O-096,42,420,421,423.30597120000004,2026-09-26T16:44:33.9300220+00:00,424.83,424.825649,2026-09-26T16:44:33.9386597Z,-0.04266166687011719,0.008636951446533203,
PT-O-096,43,420,421,422.4189437,2026-09-26T16:51:37.9296891+00:00,466.24,466.244752,2026-09-26T16:52:20.2902793Z,-0.04131364822387695,29.469080924987793,
PT-O-096,44,420,421,423.146423,2026-09-26T16:59:25.1015259+00:00,458.49,458.485681,2026-09-26T16:59:59.0259295Z,-0.03716635704040527,21.847238063812256,
PT-O-097,42,420,,14.1264767,2026-09-26T17:00:14.6087821+00:00,15.49,15.486606,2026-09-26T17:00:14.6118019Z,-0.026853322982788086,0.0030188560485839844,
PT-O-097,43,420,,40.0616475,2026-09-26T17:00:56.4649069+00:00,41.72,41.721035,2026-09-26T17:00:56.4730020Z,-0.037923574447631836,0.008095979690551758,
PT-O-097,44,420,,8.444284600000001,2026-09-26T17:01:06.6514866+00:00,10.1,10.09757,2026-09-26T17:01:06.7941877Z,-0.03760838508605957,0.1427011489868164,
PT-O-098,42,420,,26.747751400000002,2026-09-26T17:01:35.4704657+00:00,28.56,28.562393,2026-09-26T17:01:35.4784098Z,-0.02789592742919922,0.007944107055664062,
PT-O-098,43,420,,7.5175025,2026-09-26T17:01:44.7657543+00:00,8.99,8.989431,2026-09-26T17:01:44.7725560Z,-0.03843832015991211,0.006802082061767578,
PT-O-098,44,420,421,424.95552630000003,2026-09-26T17:08:51.9677121+00:00,426.87,426.868916,2026-09-26T17:08:51.9721006Z,-0.02997136116027832,0.004388093948364258,
PT-O-099,42,420,421,423.3976714,2026-09-26T17:15:56.8926583+00:00,473.4,473.395065,2026-09-26T17:16:45.4590779Z,-0.02264571189880371,25.380282878875732,
PT-O-099,43,420,421,423.4512213,2026-09-26T17:23:50.4637714+00:00,465.9,465.902259,2026-09-26T17:24:31.5764350Z,-0.01637721061706543,17.606415033340454,
PT-O-099,44,420,421,423.7109925,2026-09-26T17:31:36.9491774+00:00,471.86,471.857763,2026-09-26T17:32:23.5639135Z,-0.017008066177368164,21.534526109695435,
PT-O-100,42,420,421,423.0037671,2026-09-26T17:39:28.0908277+00:00,478.7,478.704421,2026-09-26T17:40:22.5776879Z,-0.018121004104614258,30.42410898208618,
PT-O-100,43,420,421,423.29635110000004,2026-09-26T17:47:27.3653176+00:00,465.27,465.274435,2026-09-26T17:48:08.1755762Z,-0.019608020782470703,17.98022985458374,
PT-O-100,44,420,421,423.8663725,2026-09-26T17:55:13.4192092+00:00,469.49,469.494894,2026-09-26T17:55:57.8605816Z,-0.018797636032104492,21.488963842391968,
PT-O-101,42,420,421,422.819157,2026-09-26T18:03:02.6569566+00:00,568.59,568.590258,2026-09-26T18:05:26.6207702Z,-0.018877029418945312,124.36537194252014,
PT-O-101,43,420,421,423.0458334,2026-09-26T18:12:31.6894925+00:00,462.4,462.401686,2026-09-26T18:13:09.2054983Z,-0.01651167869567871,18.458851099014282,
PT-O-101,44,420,421,423.5340834,2026-09-26T18:20:15.2585532+00:00,496.32,496.322072,2026-09-26T18:21:25.6712838Z,-0.02338099479675293,46.51852893829346,
PT-O-102,42,420,421,423.27639409999995,2026-09-26T18:28:31.0388663+00:00,461.51,461.510857,2026-09-26T18:29:07.4468894Z,-0.02222919464111328,32.73201084136963,
PT-O-102,43,420,421,423.15754460000005,2026-09-26T18:36:12.6788375+00:00,460.1,460.096613,2026-09-26T18:36:47.7454961Z,-0.02167677879333496,31.421836137771606,
PT-O-102,44,420,421,422.78638309999997,2026-09-26T18:43:52.7100584+00:00,424.65,424.650011,2026-09-26T18:43:52.7180668Z,-0.02225947380065918,0.008008003234863281,
PT-O-103,42,420,422,425.1238133,2026-09-26T18:50:59.8822212+00:00,568.75,568.752941,2026-09-26T18:53:21.5746018Z,-0.03738236427307129,17.825438976287842,
PT-O-103,43,420,421,425.468988,2026-09-26T19:00:28.7544254+00:00,566.33,566.332533,2026-09-26T19:02:48.0074947Z,-0.015000104904174805,15.680271863937378,
PT-O-103,44,420,422,425.5929919,2026-09-26T19:09:55.3408317+00:00,675.06,675.061634,2026-09-26T19:14:03.1553791Z,-0.02082204818725586,245.92639994621277,
PT-O-104,42,420,421,423.1666176,2026-09-26T19:21:08.0920054+00:00,474.5,474.50441,2026-09-26T19:21:57.9546787Z,-0.018903732299804688,24.78782606124878,
PT-O-104,43,420,421,422.7253173,2026-09-26T19:29:02.3515982+00:00,474.65,474.653128,2026-09-26T19:29:52.6962444Z,-0.017170429229736328,25.250673055648804,
PT-O-104,44,420,421,422.6067045,2026-09-26T19:36:57.3033514+00:00,467.94,467.943084,2026-09-26T19:37:40.9568303Z,-0.015000343322753906,18.128709077835083,
PT-O-105,42,420,421,422.77553220000004,2026-09-26T19:44:45.5054049+00:00,469.91,469.907662,2026-09-26T19:45:31.0544507Z,-0.017310142517089844,19.25475311279297,
PT-O-105,43,420,421,422.638153,2026-09-26T19:52:35.6815460+00:00,476.81,476.810929,2026-09-26T19:53:28.1603750Z,-0.021204710006713867,30.889113187789917,
PT-O-105,44,420,421,422.3236352,2026-09-26T20:00:32.3618472+00:00,469.06,469.06271,2026-09-26T20:01:17.3836587Z,-0.014999628067016602,23.97136688232422,
PT-O-106,42,420,421,422.80762400000003,2026-09-26T20:08:22.3154256+00:00,475.45,475.454959,2026-09-26T20:09:13.1073459Z,-0.03325247764587402,21.83642315864563,
PT-O-106,43,420,421,423.5137475,2026-09-26T20:16:18.4967824+00:00,456.09,456.090299,2026-09-26T20:16:49.4832919Z,-0.021021127700805664,27.367255926132202,
PT-O-106,44,420,421,422.1866017,2026-09-26T20:23:53.2725549+00:00,476.1,476.097568,2026-09-26T20:24:45.8705181Z,-0.02061176300048828,25.103843927383423,
PT-O-107,42,420,421,425.39413329999996,2026-09-26T20:31:52.9685705+00:00,426.92,426.916652,2026-09-26T20:31:52.9741304Z,-0.05060935020446777,0.0055599212646484375,
PT-O-107,43,420,421,425.62471370000003,2026-09-26T20:39:00.2991068+00:00,427.18,427.184271,2026-09-26T20:39:00.3036171Z,-0.05285048484802246,0.004511117935180664,
PT-O-107,44,420,421,425.57316399999996,2026-09-26T20:46:07.7858854+00:00,427.4,427.401525,2026-09-26T20:46:07.7921564Z,-0.05441784858703613,0.006270885467529297,
PT-O-108,42,420,421,425.9424582,2026-09-26T20:53:15.5593814+00:00,427.5,427.502804,2026-09-26T20:53:15.5661604Z,-0.04629778861999512,0.0067789554595947266,
PT-O-108,43,420,421,424.90026439999997,2026-09-26T21:00:22.3151911+00:00,426.43,426.427981,2026-09-26T21:00:22.3189881Z,-0.0565798282623291,0.0037970542907714844,
PT-O-108,44,420,421,425.93298550000003,2026-09-26T21:07:30.1224736+00:00,427.54,427.542848,2026-09-26T21:07:30.1275703Z,-0.032998085021972656,0.005096912384033203,
PT-O-109,42,420,421,425.1547778,2026-09-26T21:14:36.9788752+00:00,426.58,426.579686,2026-09-26T21:14:36.9861946Z,-0.029003620147705078,0.007318973541259766,
PT-O-109,43,420,421,425.4215641,2026-09-26T21:21:44.3010739+00:00,427.03,427.029621,2026-09-26T21:21:44.3089313Z,-0.03633618354797363,0.007858037948608398,
PT-O-109,44,420,421,424.9109186,2026-09-26T21:28:51.0620632+00:00,426.44,426.441172,2026-09-26T21:28:51.0677088Z,-0.03561687469482422,0.005645036697387695,
PT-O-110,42,420,422,423.2044442,2026-09-26T21:35:55.7171087+00:00,451.8,451.800373,2026-09-26T21:36:23.0352067Z,-0.015000343322753906,17.70544719696045,
PT-O-110,43,420,426,427.25853120000005,2026-09-26T21:43:31.7017225+00:00,448.39,448.385535,2026-09-26T21:43:51.6414141Z,-0.014999866485595703,10.80080795288086,
PT-O-110,44,420,422,423.0891742,2026-09-26T21:50:56.2598218+00:00,447.58,447.583162,2026-09-26T21:51:19.4729431Z,-0.02191901206970215,15.441158056259155,
PT-O-111,42,420,422,423.04645089999997,2026-09-26T21:58:24.1407438+00:00,445.65,445.647784,2026-09-26T21:58:45.4035473Z,-0.020423173904418945,12.663435935974121,
PT-O-111,43,420,423,423.7370518,2026-09-26T22:05:50.5925676+00:00,451.7,451.696337,2026-09-26T22:06:17.3462042Z,-0.018286943435668945,18.972623109817505,
PT-O-111,44,420,425,427.37363419999997,2026-09-26T22:13:26.0246108+00:00,459.92,459.923982,2026-09-26T22:13:57.3830412Z,-0.015799760818481445,22.702034950256348,
PT-O-112,42,420,424,427.00322129999995,2026-09-26T22:21:05.8504068+00:00,456.22,456.222316,2026-09-26T22:21:33.8328456Z,-0.015000343322753906,19.58865785598755,
PT-O-112,43,420,421,423.5422104,2026-09-26T22:28:38.8555853+00:00,455.02,455.022693,2026-09-26T22:29:09.1307593Z,-0.014999628067016602,21.807323932647705,
PT-O-112,44,420,423,424.7713758,2026-09-26T22:36:15.3723717+00:00,455.48,455.484217,2026-09-26T22:36:44.8364639Z,-0.021188735961914062,20.788307905197144,
PT-O-113,42,420,1,1.8557206000000002,2026-09-26T22:36:48.5324002+00:00,24.84,24.841749,2026-09-26T22:37:09.9111176Z,-0.035188913345336914,15.914679050445557,
PT-O-113,43,420,0,1.9022123999999998,2026-09-26T22:37:13.5851607+00:00,27.43,27.433136,2026-09-26T22:37:37.6153541Z,-0.04054617881774902,18.611648082733154,
PT-O-113,44,420,0,1.6688988,2026-09-26T22:37:41.0471600+00:00,23.95,23.951797,2026-09-26T22:38:01.8086729Z,-0.03229093551635742,15.319921970367432,
PT-O-114,42,420,421,423.7976168,2026-09-26T22:45:07.2381521+00:00,462.69,462.694691,2026-09-26T22:45:44.5836665Z,-0.02810502052307129,34.0962769985199,
PT-O-114,43,420,421,423.6292856,2026-09-26T22:52:49.8715976+00:00,425.21,425.206804,2026-09-26T22:52:49.8791849Z,-0.03295731544494629,0.007586956024169922,
PT-O-114,44,420,421,423.00601409999996,2026-09-26T22:59:54.6289179+00:00,471.4,471.397574,2026-09-26T23:00:41.5057850Z,-0.026597023010253906,43.796672105789185,
PT-O-115,42,420,422,429.4808526,2026-09-26T23:07:52.9192614+00:00,459.02,459.024378,2026-09-26T23:08:20.7620230Z,-0.03610038757324219,25.270636081695557,
PT-O-115,43,420,423,429.7294344,2026-09-26T23:15:32.4232956+00:00,567.55,567.545483,2026-09-26T23:17:48.5426424Z,-0.025457143783569336,133.56528615951538,
PT-O-115,44,420,422,428.4421073,2026-09-26T23:24:58.7833641+00:00,567.52,567.524475,2026-09-26T23:27:16.1707754Z,-0.026629924774169922,134.83293294906616,
PT-O-116,42,420,424,435.26022720000003,2026-09-26T23:34:33.1867667+00:00,542.22,542.221715,2026-09-26T23:36:18.5097270Z,-0.0271148681640625,102.72811889648438,
PT-O-116,43,420,422,438.9879383,2026-09-26T23:43:39.5100013+00:00,549.71,549.706658,2026-09-26T23:45:28.5355930Z,-0.03411102294921875,106.34119701385498,
PT-O-116,44,420,425,433.11556920000004,2026-09-26T23:52:43.5972021+00:00,863.32,863.322977,2026-09-26T23:59:52.1272103Z,-0.03282523155212402,425.8146059513092,
PT-O-117,42,420,426,437.3996274,2026-09-27T00:07:11.3637865+00:00,557.26,557.258617,2026-09-27T00:09:09.5421705Z,-0.03716707229614258,115.52822399139404,
PT-O-117,43,420,424,437.08416320000003,2026-09-27T00:16:28.4045234+00:00,575.23,575.226739,2026-09-27T00:18:44.8787901Z,-0.03374528884887695,133.78732991218567,
PT-O-117,44,420,429,440.5879161,2026-09-27T00:26:07.2944833+00:00,803.43,803.434387,2026-09-27T00:32:08.4698686Z,-0.03877687454223633,358.5211238861084,
PT-O-118,42,420,421,423.0281147,2026-09-27T00:39:13.1589903+00:00,424.57,424.573769,2026-09-27T00:39:13.1635349Z,-0.01660919189453125,0.00454401969909668,
PT-O-118,43,420,421,421.9890992,2026-09-27T00:46:16.8621881+00:00,423.44,423.440019,2026-09-27T00:46:16.8708114Z,-0.016923189163208008,0.008622884750366211,
PT-O-118,44,420,421,422.0521458,2026-09-27T00:53:20.5718787+00:00,423.52,423.523682,2026-09-27T00:53:20.5790578Z,-0.017456531524658203,0.0071790218353271484,
PT-O-119,42,420,421,424.66204719999996,2026-09-27T01:00:26.7360614+00:00,494.18,494.175812,2026-09-27T01:01:34.8372524Z,-0.016791820526123047,41.12052893638611,
PT-O-119,43,420,422,423.7650593,2026-09-27T01:08:40.3631031+00:00,486.8,486.803549,2026-09-27T01:09:41.9679133Z,-0.019304275512695312,34.65039682388306,
PT-O-119,44,420,421,424.0314584,2026-09-27T01:16:47.6920237+00:00,476.85,476.85454,2026-09-27T01:17:39.0914431Z,-0.023103952407836914,24.44953417778015,
PT-O-120,42,420,,1.1749043,2026-09-27T01:17:41.8743078+00:00,2.59,2.590952,2026-09-27T01:17:41.8802938Z,-0.014999628067016602,0.00598597526550293,
PT-O-120,43,420,,1.4766668,2026-09-27T01:17:44.8756230+00:00,2.9,2.896259,2026-09-27T01:17:44.8810641Z,-0.015961408615112305,0.005440950393676758,
PT-O-120,44,420,,1.4413155,2026-09-27T01:17:47.9313229+00:00,2.95,2.949897,2026-09-27T01:17:47.9392671Z,-0.024120092391967773,0.007944822311401367,
PT-O-121,42,420,421,424.3870146,2026-09-27T01:24:54.5516495+00:00,535.45,535.453322,2026-09-27T01:26:43.7325511Z,-0.06437253952026367,101.89856100082397,
PT-O-121,43,420,421,423.7930957,2026-09-27T01:33:49.6062272+00:00,425.77,425.769418,2026-09-27T01:33:49.6133757Z,-0.08315157890319824,0.007148027420043945,
PT-O-121,44,420,421,423.80387939999997,2026-09-27T01:40:55.4671399+00:00,425.73,425.734663,2026-09-27T01:40:55.4739497Z,-0.08405637741088867,0.00680994987487793,
PT-O-122,42,420,423,426.19514419999996,2026-09-27T01:48:03.8121658+00:00,428.18,428.176965,2026-09-27T01:48:03.8164575Z,-0.08111715316772461,0.004292011260986328,
PT-O-122,43,420,421,423.6613443,2026-09-27T01:55:09.6184077+00:00,425.62,425.622868,2026-09-27T01:55:09.6271567Z,-0.08565592765808105,0.008749008178710938,
PT-O-122,44,420,426,427.8602398,2026-09-27T02:02:19.7529731+00:00,429.82,429.817642,2026-09-27T02:02:19.7607227Z,-0.09115433692932129,0.007748842239379883,
PT-O-123,42,420,421,423.154153,2026-09-27T02:09:25.1871198+00:00,443.83,443.833968,2026-09-27T02:09:43.8529340Z,-0.08557677268981934,12.430100917816162,
PT-O-123,43,420,421,423.41780359999996,2026-09-27T02:16:49.5094979+00:00,444.49,444.487014,2026-09-27T02:17:08.6398974Z,-0.07773065567016602,12.934282064437866,
PT-O-123,44,420,421,423.05821999999995,2026-09-27T02:24:13.9138089+00:00,447.85,447.850114,2026-09-27T02:24:36.8087871Z,-0.05818533897399902,16.606845140457153,
PT-O-124,42,420,421,422.6819167,2026-09-27T02:31:43.2982810+00:00,459.99,459.993759,2026-09-27T02:32:16.8952561Z,-0.46677541732788086,20.382492065429688,
PT-O-124,43,420,421,423.073217,2026-09-27T02:39:23.8848313+00:00,455.39,455.394486,2026-09-27T02:39:52.4718139Z,-0.4981043338775635,15.908032894134521,
PT-O-124,44,420,421,422.4769799,2026-09-27T02:46:59.0149149+00:00,456.42,456.416431,2026-09-27T02:47:29.1572465Z,-0.5498802661895752,17.67103910446167,
PT-O-125,42,420,421,422.9349783,2026-09-27T02:54:36.2602507+00:00,426.78,426.775386,2026-09-27T02:54:36.2634473Z,-0.4767303466796875,0.0031969547271728516,
PT-O-125,43,420,421,422.40410710000003,2026-09-27T03:01:42.8151714+00:00,426.23,426.225974,2026-09-27T03:01:42.8187705Z,-0.4965090751647949,0.003598928451538086,
PT-O-125,44,420,421,422.5526935,2026-09-27T03:08:50.0756063+00:00,426.93,426.927041,2026-09-27T03:08:50.0798321Z,-0.5082123279571533,0.004225969314575195,
PT-O-126,42,420,421,423.49490870000005,2026-09-27T03:15:55.1776770+00:00,793.55,793.552259,2026-09-27T03:22:03.8367840Z,-0.021034717559814453,367.04830980300903,
PT-O-126,43,420,421,423.4283911,2026-09-27T03:29:08.7954847+00:00,561.24,561.237635,2026-09-27T03:31:25.3983604Z,-0.026190519332885742,135.21367502212524,
PT-O-126,44,420,421,422.6859316,2026-09-27T03:38:29.3683534+00:00,493.42,493.424015,2026-09-27T03:39:38.9169164Z,-0.015000104904174805,43.76111578941345,
PT-O-127,42,420,422,424.0703464,2026-09-27T03:46:44.4738237+00:00,483.51,483.514244,2026-09-27T03:47:42.7308294Z,-0.02216506004333496,26.724606037139893,
PT-O-127,43,420,421,424.33661060000003,2026-09-27T03:54:48.4907788+00:00,467.15,467.149253,2026-09-27T03:55:30.1223785Z,-0.014999628067016602,38.69247007369995,
PT-O-127,44,420,421,424.15102840000003,2026-09-27T04:02:35.8663558+00:00,477.55,477.552692,2026-09-27T04:03:28.0136579Z,-0.0176851749420166,21.839521169662476,
PT-O-128,42,420,422,425.0409341,2026-09-27T04:10:34.5053545+00:00,457.68,457.681546,2026-09-27T04:11:05.9368724Z,-0.024155139923095703,28.370775938034058,
PT-O-128,43,420,422,425.8715773,2026-09-27T04:18:13.5176403+00:00,476.98,476.975942,2026-09-27T04:19:03.1981747Z,-0.02147960662841797,18.889364004135132,
PT-O-128,44,420,421,424.7552621,2026-09-27T04:26:09.4762823+00:00,478.71,478.708845,2026-09-27T04:27:02.1903099Z,-0.020009756088256836,22.307214975357056,
PT-O-129,42,420,421,429.28479840000006,2026-09-27T04:34:13.4657088+00:00,543.18,543.175797,2026-09-27T04:36:05.6251555Z,-0.055643320083618164,17.833606004714966,
PT-O-129,43,420,422,428.76215279999997,2026-09-27T04:43:16.3658129+00:00,521.52,521.521928,2026-09-27T04:44:47.4513925Z,-0.04922127723693848,17.622159004211426,
PT-O-129,44,420,421,430.6604158,2026-09-27T04:52:00.0987248+00:00,571.42,571.418162,2026-09-27T04:54:19.1847089Z,-0.05811119079589844,14.792304039001465,
PT-O-130,42,420,421,423.23748109999997,2026-09-27T05:01:24.3321216+00:00,484.74,484.737354,2026-09-27T05:02:24.1982671Z,-0.04395270347595215,21.34648895263672,
PT-O-130,43,420,421,422.7777861,2026-09-27T05:09:28.8880337+00:00,559.75,559.752267,2026-09-27T05:11:44.1859308Z,-0.04503583908081055,96.57595491409302,
PT-O-130,44,420,421,422.4816442,2026-09-27T05:18:48.4463269+00:00,487.83,487.830731,2026-09-27T05:19:52.1525390Z,-0.061728477478027344,25.057708978652954,
PT-O-131,42,420,421,422.3536031,2026-09-27T05:26:56.4719652+00:00,462.28,462.280899,2026-09-27T05:27:34.7372751Z,-0.0516972541809082,18.03653883934021,
PT-O-131,43,420,421,422.55460239999996,2026-09-27T05:34:39.0780388+00:00,482.32,482.318049,2026-09-27T05:35:37.1875567Z,-0.04323887825012207,37.81671500205994,
PT-O-131,44,420,421,423.06400229999997,2026-09-27T05:42:42.1658818+00:00,470.49,470.493511,2026-09-27T05:43:27.9299976Z,-0.05150485038757324,22.161067962646484,
PT-O-132,42,420,421,422.3639794,2026-09-27T05:50:31.9618674+00:00,423.78,423.782892,2026-09-27T05:50:31.9705277Z,-0.046617746353149414,0.008659839630126953,
PT-O-132,43,420,421,422.36369329999997,2026-09-27T05:57:36.0745764+00:00,423.78,423.779152,2026-09-27T05:57:36.0831604Z,-0.029888391494750977,0.008584022521972656,
PT-O-132,44,420,421,423.2878665,2026-09-27T06:04:41.1916163+00:00,424.79,424.788077,2026-09-27T06:04:41.1973439Z,-0.044449567794799805,0.005727052688598633,
PT-O-133,42,420,421,422.1789613,2026-09-27T06:11:45.1208807+00:00,423.63,423.630522,2026-09-27T06:11:45.1246968Z,-0.03870820999145508,0.0038161277770996094,
PT-O-133,43,420,421,423.2132584,2026-09-27T06:18:50.0104730+00:00,424.65,424.645944,2026-09-27T06:18:50.0191205Z,-0.04344964027404785,0.008646965026855469,
PT-O-133,44,420,421,422.5960238,2026-09-27T06:25:54.5285170+00:00,424.37,424.372258,2026-09-27T06:25:54.5370211Z,-0.046480655670166016,0.008503913879394531,
PT-O-134,42,420,421,422.3730876,2026-09-27T06:32:58.8151299+00:00,424.13,424.131376,2026-09-27T06:32:58.8217482Z,-0.05376243591308594,0.006618976593017578,
PT-O-134,43,420,421,423.2182579,2026-09-27T06:40:03.6311427+00:00,424.65,424.649201,2026-09-27T06:40:03.6375049Z,-0.02936840057373047,0.006362199783325195,
PT-O-134,44,420,421,423.1223387,2026-09-27T06:47:08.5400127+00:00,472.61,472.613948,2026-09-27T06:47:56.4981056Z,-0.04973888397216797,36.57789707183838,
PT-O-135,42,420,421,429.02060830000005,2026-09-27T06:55:06.9815171+00:00,546.02,546.018256,2026-09-27T06:57:02.6698720Z,-0.01757025718688965,34.19208812713623,
PT-O-135,43,420,421,430.5934155,2026-09-27T07:04:14.8567624+00:00,579.59,579.588023,2026-09-27T07:06:42.5074663Z,-0.022124528884887695,66.35831999778748,
PT-O-135,44,420,421,430.4613344,2026-09-27T07:13:54.5194542+00:00,567.05,567.053444,2026-09-27T07:16:09.8004640Z,-0.015000343322753906,54.88734292984009,
PT-O-136,42,420,421,428.97209879999997,2026-09-27T07:23:20.2576179+00:00,554.31,554.314162,2026-09-27T07:25:24.3218265Z,-0.01936197280883789,43.12282109260559,
PT-O-136,43,420,421,430.9814225,2026-09-27T07:32:36.7306288+00:00,634.99,634.990951,2026-09-27T07:35:59.4595352Z,-0.015000104904174805,122.31400990486145,
PT-O-136,44,420,421,430.3802904,2026-09-27T07:43:11.3065783+00:00,558.01,558.007845,2026-09-27T07:45:17.6241028Z,-0.014999151229858398,45.61720418930054,
PT-O-137,42,420,421,421.91796519999997,2026-09-27T07:52:21.0482669+00:00,466.62,466.617458,2026-09-27T07:53:04.4279813Z,-0.01804828643798828,34.48329496383667,
PT-O-137,43,420,421,422.887098,2026-09-27T08:00:09.1453797+00:00,458.26,458.264203,2026-09-27T08:00:43.0206042Z,-0.015000581741333008,24.82739782333374,
PT-O-137,44,420,421,422.1785261,2026-09-27T08:07:46.8411701+00:00,458.14,458.142692,2026-09-27T08:08:21.3035578Z,-0.020401954650878906,25.75137686729431,
PT-O-138,42,420,422,451.4657744,2026-09-27T08:15:54.7068897+00:00,595.64,595.636444,2026-09-27T08:18:17.1310874Z,-0.030131101608276367,18.118389129638672,
PT-O-138,43,420,421,480.1200515,2026-09-27T08:26:19.3241634+00:00,481.93,481.926931,2026-09-27T08:26:19.3331219Z,-0.02626967430114746,0.008958101272583008,
PT-O-138,44,420,421,451.0992848,2026-09-27T08:33:52.3809161+00:00,662.42,662.424202,2026-09-27T08:37:21.9304963Z,-0.025438308715820312,84.87391591072083,
PT-O-139,42,420,421,468.12462819999996,2026-09-27T08:45:11.9283984+00:00,612.0,612.00224,2026-09-27T08:47:34.0279876Z,-0.03314542770385742,17.81378412246704,
PT-O-139,43,420,421,452.3584802,2026-09-27T08:55:08.2535337+00:00,595.82,595.816377,2026-09-27T08:57:29.9451340Z,-0.032724857330322266,17.348424911499023,
PT-O-139,44,420,421,459.14390990000004,2026-09-27T09:05:10.9402569+00:00,605.29,605.286943,2026-09-27T09:07:35.3404951Z,-0.0338590145111084,20.096928119659424,
PT-O-140,42,420,421,423.8965328,2026-09-27T09:14:41.3229416+00:00,496.38,496.377608,2026-09-27T09:15:51.9149270Z,-0.03541159629821777,30.095725059509277,
PT-O-140,43,420,421,423.73678129999996,2026-09-27T09:22:57.5950433+00:00,491.28,491.28484,2026-09-27T09:24:03.3101152Z,-0.03019261360168457,25.412856101989746,
PT-O-140,44,420,421,424.0277974,2026-09-27T09:31:09.3377855+00:00,552.38,552.375186,2026-09-27T09:33:15.8794941Z,-0.03249216079711914,86.0063419342041,
PT-O-141,42,420,421,422.7017502,2026-09-27T09:40:20.5522651+00:00,424.41,424.414863,2026-09-27T09:40:20.5555475Z,-0.020714998245239258,0.0032820701599121094,
PT-O-141,43,420,421,423.80974560000004,2026-09-27T09:47:26.1051302+00:00,425.31,425.314129,2026-09-27T09:47:26.1129237Z,-0.014999866485595703,0.007792949676513672,
PT-O-141,44,420,421,423.5086737,2026-09-27T09:54:31.1663118+00:00,424.82,424.823472,2026-09-27T09:54:31.1717484Z,-0.017241954803466797,0.005436897277832031,
PT-O-142,42,420,421,422.9254528,2026-09-27T10:01:35.5923531+00:00,424.28,424.279976,2026-09-27T10:01:35.5982499Z,-0.022922277450561523,0.005895853042602539,
PT-O-142,43,420,421,422.0899772,2026-09-27T10:08:39.0536486+00:00,423.38,423.378719,2026-09-27T10:08:39.0576596Z,-0.023072242736816406,0.004010915756225586,
PT-O-142,44,420,421,422.67871260000004,2026-09-27T10:15:43.2885850+00:00,424.01,424.011373,2026-09-27T10:15:43.2957628Z,-0.016054630279541016,0.007177114486694336,
PT-O-143,42,420,421,422.5706741,2026-09-27T10:22:47.4686283+00:00,460.75,460.747611,2026-09-27T10:23:24.3282019Z,-0.02073049545288086,27.675884008407593,
PT-O-143,43,420,421,423.2813656,2026-09-27T10:30:29.1524672+00:00,463.86,463.862258,2026-09-27T10:31:08.4141979Z,-0.01756763458251953,29.826236963272095,
PT-O-143,44,420,421,423.4019979,2026-09-27T10:38:13.3968797+00:00,469.44,469.438449,2026-09-27T10:38:58.0398646Z,-0.019712448120117188,35.13730001449585,
PT-O-144,42,420,421,423.6812715,2026-09-27T10:46:03.5246109+00:00,506.46,506.455472,2026-09-27T10:47:24.7292976Z,-0.019040822982788086,29.21937894821167,
PT-O-144,43,420,421,422.73883140000004,2026-09-27T10:54:28.7774307+00:00,517.95,517.948147,2026-09-27T10:56:02.9322589Z,-0.022398710250854492,41.81541681289673,
PT-O-144,44,420,421,422.64974800000005,2026-09-27T11:03:06.9244367+00:00,548.81,548.809155,2026-09-27T11:05:12.0049685Z,-0.022886037826538086,72.62898397445679,
PT-O-145,42,420,421,423.12553710000003,2026-09-27T11:12:16.5660851+00:00,540.95,540.950698,2026-09-27T11:14:13.2008957Z,-0.015071392059326172,60.352482080459595,
PT-O-145,43,420,421,423.7704301,2026-09-27T11:21:18.4399052+00:00,507.78,507.783095,2026-09-27T11:22:41.2821136Z,-0.017244577407836914,61.767367124557495,
PT-O-145,44,420,421,423.6125771,2026-09-27T11:29:46.5187003+00:00,499.53,499.528983,2026-09-27T11:31:01.0316869Z,-0.015000104904174805,53.401416063308716,
PT-O-146,42,420,421,423.3662387,2026-09-27T11:38:05.7287041+00:00,545.92,545.921579,2026-09-27T11:40:07.1433744Z,-0.014999628067016602,100.33994102478027,
PT-O-146,43,420,421,424.48677169999996,2026-09-27T11:47:12.8893402+00:00,563.4,563.401327,2026-09-27T11:49:30.6928052Z,-0.02082037925720215,116.55226993560791,
PT-O-146,44,420,421,424.53809259999997,2026-09-27T11:56:36.4692682+00:00,513.01,513.007043,2026-09-27T11:58:03.7817686Z,-0.016275882720947266,66.10325717926025,
PT-O-147,42,420,421,423.840553,2026-09-27T12:05:09.1023580+00:00,484.53,484.525859,2026-09-27T12:06:08.5125473Z,-0.014999628067016602,31.024715900421143,
PT-O-147,43,420,421,423.6040784,2026-09-27T12:13:13.4872284+00:00,484.68,484.682527,2026-09-27T12:14:13.4123063Z,-0.015000104904174805,31.138128995895386,
PT-O-147,44,420,421,423.5879925,2026-09-27T12:21:18.4397471+00:00,480.16,480.156181,2026-09-27T12:22:13.8257070Z,-0.014999866485595703,26.992827892303467,
PT-O-148,42,420,421,423.941962,2026-09-27T12:29:19.8086084+00:00,526.24,526.23524,2026-09-27T12:31:00.2114532Z,-0.04684019088745117,35.55588698387146,
PT-O-148,43,420,421,424.9672716,2026-09-27T12:38:07.2728494+00:00,525.93,525.932131,2026-09-27T12:39:46.3605536Z,-0.06381034851074219,34.1220281124115,
PT-O-148,44,420,421,424.9292779,2026-09-27T12:46:53.4210362+00:00,679.32,679.320933,2026-09-27T12:51:05.9085963Z,-0.06517982482910156,155.27254605293274,
PT-O-149,42,420,421,422.65916200000004,2026-09-27T12:58:10.6914412+00:00,424.55,424.549066,2026-09-27T12:58:10.6979362Z,-0.059792518615722656,0.006494998931884766,
PT-O-149,43,420,425,426.9238213,2026-09-27T13:05:19.6074607+00:00,428.78,428.783494,2026-09-27T13:05:19.6120250Z,-0.04969668388366699,0.004565000534057617,
PT-O-149,44,420,421,423.4779571,2026-09-27T13:12:25.0823169+00:00,425.35,425.345009,2026-09-27T13:12:25.0875528Z,-0.053827524185180664,0.005236148834228516,
PT-O-150,42,420,421,422.7356709,2026-09-27T13:19:29.8619109+00:00,424.65,424.651288,2026-09-27T13:19:29.8656933Z,-0.06209373474121094,0.003782987594604492,
PT-O-150,43,420,421,422.2071676,2026-09-27T13:26:34.3702669+00:00,424.38,424.383552,2026-09-27T13:26:34.3788369Z,-0.06989693641662598,0.008569955825805664,
PT-O-150,44,420,421,422.2449348,2026-09-27T13:33:39.0932235+00:00,424.42,424.422178,2026-09-27T13:33:39.1012483Z,-0.06114625930786133,0.008024930953979492,
